{
    "train_loss": [
        1.0507217267590105,
        0.9521013635503667,
        0.8861373525751216,
        0.8314065474378484,
        0.7721259064991456,
        0.7173025637026638,
        0.6648899243615777,
        0.6091339491364901,
        0.5608574901243,
        0.5127292863853142
    ],
    "val_loss": [
        0.9705827929535691,
        0.9075605358396258,
        0.8566223224815057,
        0.8523293046318755,
        0.8137688284017601,
        0.796863030414192,
        0.8069225348988358,
        0.8372255873923399,
        0.8570183120211776,
        0.8677108859529301
    ],
    "train_acc": [
        0.4400640384230538,
        0.5341604962977786,
        0.5862317390434261,
        0.621652991795077,
        0.6544326595957575,
        0.688773263958375,
        0.7163898339003402,
        0.7460076045627376,
        0.7690214128477086,
        0.7931558935361217
    ],
    "val_acc": [
        0.5087241876100528,
        0.5762766127741316,
        0.6102129021930527,
        0.623019049143589,
        0.6359852729310069,
        0.6519929566191772,
        0.6595165679526173,
        0.6617576436689611,
        0.6603169521370258,
        0.6543941091724027
    ]
}